{
  "0": -0.0903896689414978,
  "1": 0.1225455030798912,
  "2": -0.00985383614897728,
  "3": -0.05832098051905632,
  "4": -0.11400793492794037,
  "5": 0.0037065017968416214,
  "6": 0.09993940591812134,
  "7": -0.11333087831735611,
  "8": 0.13037139177322388,
  "9": -0.04387684538960457,
  "10": 0.24987086653709412,
  "11": -0.07150668650865555,
  "12": -0.2823053300380707,
  "13": -0.11012235283851624,
  "14": 0.08856072276830673,
  "15": 0.1167602688074112,
  "16": -0.15752913057804108,
  "17": -0.13202396035194397,
  "18": -0.1591825932264328,
  "19": -0.04716771841049194,
  "20": -0.0006490722298622131,
  "21": 0.027622533962130547,
  "22": -0.010602731257677078,
  "23": 0.0462590791285038,
  "24": -0.11659234762191772,
  "25": -0.25353923439979553,
  "26": 0.032301727682352066,
  "27": -0.0651509165763855,
  "28": 0.11429547518491745,
  "29": -0.12157893180847168,
  "30": 0.05806358903646469,
  "31": 0.17305979132652283,
  "32": -0.13791288435459137,
  "33": -0.01902332901954651,
  "34": -0.014205703511834145,
  "35": 0.07403140515089035,
  "36": -0.11128143966197968,
  "37": -0.06642187386751175,
  "38": 0.25877103209495544,
  "39": -0.028163909912109375,
  "40": -0.2206110656261444,
  "41": -0.03525679185986519,
  "42": -0.014222096651792526,
  "43": 0.261433482170105,
  "44": 0.23968586325645447,
  "45": -0.06139929220080376,
  "46": 0.021260932087898254,
  "47": -0.03465671092271805,
  "48": 0.06735549122095108,
  "49": -0.34540578722953796,
  "50": 0.016334768384695053,
  "51": 0.13453511893749237,
  "52": 0.10418599098920822,
  "53": 0.08940218389034271,
  "54": 0.024950910359621048,
  "55": -0.2356710135936737,
  "56": -0.03042728640139103,
  "57": 0.1247716024518013,
  "58": -0.19816280901432037,
  "59": 0.07880688458681107,
  "60": 0.032080017030239105,
  "61": -0.16746041178703308,
  "62": -0.03011505678296089,
  "63": -0.05562901869416237,
  "64": 0.19280466437339783,
  "65": 0.06424206495285034,
  "66": -0.12261728197336197,
  "67": -0.0894780233502388,
  "68": 0.13062134385108948,
  "69": -0.14610040187835693,
  "70": -0.10096906125545502,
  "71": 0.1284952461719513,
  "72": -0.08015908300876617,
  "73": -0.2118246704339981,
  "74": -0.27789396047592163,
  "75": 0.0748591423034668,
  "76": 0.2912604808807373,
  "77": 0.13244417309761047,
  "78": -0.2053522914648056,
  "79": -0.00965232402086258,
  "80": -0.005234170705080032,
  "81": -0.012591920793056488,
  "82": 0.08597435802221298,
  "83": 0.07825452089309692,
  "84": -0.08117161691188812,
  "85": -0.10533221065998077,
  "86": -0.09025309979915619,
  "87": 0.011025704443454742,
  "88": 0.1954387128353119,
  "89": -0.052146390080451965,
  "90": -0.06083136424422264,
  "91": 0.3009789288043976,
  "92": 0.012965485453605652,
  "93": -0.013789989054203033,
  "94": -0.00015074387192726135,
  "95": 0.02734694629907608,
  "96": 0.03809027373790741,
  "97": 0.024680346250534058,
  "98": -0.06791175156831741,
  "99": 0.015416638925671577,
  "100": 0.13726642727851868,
  "101": -0.1805976778268814,
  "102": 0.025048956274986267,
  "103": 0.10357201099395752,
  "104": -0.19388322532176971,
  "105": 0.20160120725631714,
  "106": -0.002235967665910721,
  "107": 0.07461044937372208,
  "108": 0.0441998615860939,
  "109": -0.10539604723453522,
  "110": -0.06286654621362686,
  "111": 0.059089094400405884,
  "112": 0.21405431628227234,
  "113": -0.28581392765045166,
  "114": 0.26587775349617004,
  "115": 0.2124960571527481,
  "116": 0.02167934738099575,
  "117": 0.14464741945266724,
  "118": 0.0925464779138565,
  "119": 0.02717597596347332,
  "120": 0.06020650640130043,
  "121": -0.040582671761512756,
  "122": -0.15113377571105957,
  "123": -0.03854430466890335,
  "124": 0.12093804031610489,
  "125": -0.02623733878135681,
  "126": 0.012027657590806484,
  "127": 0.06816025078296661
}