{
  "0": -0.08198735862970352,
  "1": 0.10845836251974106,
  "2": -0.01703660562634468,
  "3": -0.06191469356417656,
  "4": -0.11835184693336487,
  "5": 0.019066330045461655,
  "6": 0.09879819303750992,
  "7": -0.11612513661384583,
  "8": 0.11419612914323807,
  "9": -0.05897053703665733,
  "10": 0.25838249921798706,
  "11": -0.05927680432796478,
  "12": -0.3294856548309326,
  "13": -0.10659930855035782,
  "14": 0.083908312022686,
  "15": 0.10590922087430954,
  "16": -0.13642579317092896,
  "17": -0.1273997575044632,
  "18": -0.15610842406749725,
  "19": -0.03429499641060829,
  "20": -0.003004312515258789,
  "21": 0.03532806783914566,
  "22": -0.002215523272752762,
  "23": 0.025254029780626297,
  "24": -0.08885514736175537,
  "25": -0.24996082484722137,
  "26": 0.024053266271948814,
  "27": -0.07577206939458847,
  "28": 0.1337798833847046,
  "29": -0.12783902883529663,
  "30": 0.04310836270451546,
  "31": 0.1712605208158493,
  "32": -0.12926259636878967,
  "33": -0.023878786712884903,
  "34": -0.007235836237668991,
  "35": 0.07095205038785934,
  "36": -0.10146836936473846,
  "37": -0.045695286244153976,
  "38": 0.2474253624677658,
  "39": -0.014734067022800446,
  "40": -0.21397987008094788,
  "41": -0.04916233569383621,
  "42": -0.010975420475006104,
  "43": 0.27279311418533325,
  "44": 0.21847446262836456,
  "45": -0.04210469126701355,
  "46": 0.0397346168756485,
  "47": -0.07209008932113647,
  "48": 0.06441985070705414,
  "49": -0.34119540452957153,
  "50": 0.02205216884613037,
  "51": 0.12154367566108704,
  "52": 0.12975172698497772,
  "53": 0.09403956681489944,
  "54": 0.02492474392056465,
  "55": -0.2779511511325836,
  "56": -0.0007251165807247162,
  "57": 0.10404393076896667,
  "58": -0.20878061652183533,
  "59": 0.10329962521791458,
  "60": 0.06306744366884232,
  "61": -0.1394457370042801,
  "62": -0.03671111539006233,
  "63": -0.0472504198551178,
  "64": 0.21616894006729126,
  "65": 0.026828080415725708,
  "66": -0.13986453413963318,
  "67": -0.10592953115701675,
  "68": 0.13482753932476044,
  "69": -0.15478932857513428,
  "70": -0.09329793602228165,
  "71": 0.14689339697360992,
  "72": -0.08170370757579803,
  "73": -0.20616738498210907,
  "74": -0.25971719622612,
  "75": 0.06908723711967468,
  "76": 0.29158008098602295,
  "77": 0.13928651809692383,
  "78": -0.21034063398838043,
  "79": -0.00505978986620903,
  "80": -0.029017336666584015,
  "81": -0.029125511646270752,
  "82": 0.07866872102022171,
  "83": 0.08284258097410202,
  "84": -0.07891382277011871,
  "85": -0.09407233446836472,
  "86": -0.1029006764292717,
  "87": -0.01309218630194664,
  "88": 0.18671104311943054,
  "89": -0.06910309195518494,
  "90": -0.029728963971138,
  "91": 0.30028849840164185,
  "92": 0.026660863310098648,
  "93": -0.0047966185957193375,
  "94": 0.007102644070982933,
  "95": 0.04782655090093613,
  "96": -0.0035579800605773926,
  "97": 0.0244486965239048,
  "98": -0.07153311371803284,
  "99": 0.0005521886050701141,
  "100": 0.10660438984632492,
  "101": -0.21613532304763794,
  "102": 0.02642674744129181,
  "103": 0.0966114029288292,
  "104": -0.20228752493858337,
  "105": 0.23785331845283508,
  "106": -0.018744587898254395,
  "107": 0.06867892295122147,
  "108": 0.04364125058054924,
  "109": -0.12631440162658691,
  "110": -0.04534661024808884,
  "111": 0.059024013578891754,
  "112": 0.215428426861763,
  "113": -0.3047482967376709,
  "114": 0.2566971480846405,
  "115": 0.222520112991333,
  "116": 0.0520162358880043,
  "117": 0.14309921860694885,
  "118": 0.09686902165412903,
  "119": 0.04906192049384117,
  "120": 0.05450724437832832,
  "121": -0.03157810866832733,
  "122": -0.17777638137340546,
  "123": -0.05082518234848976,
  "124": 0.09931769222021103,
  "125": -0.060032568871974945,
  "126": -0.016625965014100075,
  "127": 0.061086058616638184
}