{
  "0": -0.04101623594760895,
  "1": -0.01764044538140297,
  "2": 0.18182770907878876,
  "3": -0.05279729515314102,
  "4": -0.14549225568771362,
  "5": -0.026927337050437927,
  "6": -0.004593389108777046,
  "7": -0.09716522693634033,
  "8": 0.15588626265525818,
  "9": -0.11207457631826401,
  "10": 0.1212305873632431,
  "11": -0.05213989317417145,
  "12": -0.3037794530391693,
  "13": 0.06566260010004044,
  "14": -0.005574996583163738,
  "15": 0.1694566309452057,
  "16": -0.18097424507141113,
  "17": -0.21979157626628876,
  "18": -0.07505007088184357,
  "19": -0.031885046511888504,
  "20": -0.06837746500968933,
  "21": 0.1210896223783493,
  "22": 0.0014617592096328735,
  "23": 0.022663239389657974,
  "24": -0.14196956157684326,
  "25": -0.3487700819969177,
  "26": -0.04598717764019966,
  "27": -0.07882937043905258,
  "28": -0.03866913914680481,
  "29": 0.018752286210656166,
  "30": 0.05276304483413696,
  "31": 0.12869614362716675,
  "32": -0.16012299060821533,
  "33": -0.0008276896551251411,
  "34": 0.11309321224689484,
  "35": 0.14738255739212036,
  "36": -0.049485888332128525,
  "37": -0.12010244280099869,
  "38": 0.1437176764011383,
  "39": 0.04127472639083862,
  "40": -0.24500411748886108,
  "41": -0.046845175325870514,
  "42": 0.03092830628156662,
  "43": 0.2582916021347046,
  "44": 0.22347058355808258,
  "45": 0.004938147030770779,
  "46": 0.00750897079706192,
  "47": -0.12685173749923706,
  "48": 0.11286462843418121,
  "49": -0.4028507471084595,
  "50": 0.002961711958050728,
  "51": 0.11068551242351532,
  "52": 0.05489301681518555,
  "53": 0.05612461641430855,
  "54": 0.09795957058668137,
  "55": -0.21636709570884705,
  "56": 0.07658007740974426,
  "57": 0.05682999640703201,
  "58": -0.1956663280725479,
  "59": 0.09907165169715881,
  "60": 0.099205382168293,
  "61": -0.10823889076709747,
  "62": 0.09873892366886139,
  "63": -0.08373765647411346,
  "64": 0.2289884090423584,
  "65": -0.006410589441657066,
  "66": -0.12856511771678925,
  "67": -0.09203017503023148,
  "68": 0.17838329076766968,
  "69": -0.2326827049255371,
  "70": -0.05384866148233414,
  "71": 0.09392984211444855,
  "72": -0.08190030604600906,
  "73": -0.18927976489067078,
  "74": -0.2907322943210602,
  "75": -0.07112415134906769,
  "76": 0.4254375696182251,
  "77": 0.14350226521492004,
  "78": -0.2179487645626068,
  "79": -0.0063854120671749115,
  "80": -0.0439426489174366,
  "81": 0.03317876160144806,
  "82": 0.07182256132364273,
  "83": 0.144697904586792,
  "84": 0.02293410897254944,
  "85": -0.032804593443870544,
  "86": -0.13211891055107117,
  "87": -0.05095381289720535,
  "88": 0.3079497516155243,
  "89": -0.06656434386968613,
  "90": 0.007415518164634705,
  "91": 0.3192526698112488,
  "92": 0.00320594385266304,
  "93": 0.029737258329987526,
  "94": 0.07044811546802521,
  "95": -0.0035087838768959045,
  "96": -0.07348961383104324,
  "97": -0.006441015750169754,
  "98": -0.18090607225894928,
  "99": 0.015250345692038536,
  "100": -0.09675823897123337,
  "101": -0.03570666164159775,
  "102": 0.021279610693454742,
  "103": 0.11537772417068481,
  "104": -0.1387021541595459,
  "105": 0.16447626054286957,
  "106": -0.05807111784815788,
  "107": -0.03858712688088417,
  "108": -0.0049539487808942795,
  "109": -0.05599032714962959,
  "110": -0.11201776564121246,
  "111": -0.07358094304800034,
  "112": 0.24891401827335358,
  "113": -0.25339022278785706,
  "114": 0.11549796164035797,
  "115": 0.1946006566286087,
  "116": 0.047834377735853195,
  "117": 0.14904680848121643,
  "118": 0.005713887512683868,
  "119": 0.06736178696155548,
  "120": -0.045358769595623016,
  "121": -0.030278362333774567,
  "122": -0.16964921355247498,
  "123": -0.030171912163496017,
  "124": -0.0039229486137628555,
  "125": -0.10859815776348114,
  "126": -0.031382668763399124,
  "127": 0.05919559672474861
}