{
  "0": -0.0945156142115593,
  "1": 0.028951913118362427,
  "2": 0.07363030314445496,
  "3": -0.037089716643095016,
  "4": -0.13053062558174133,
  "5": -0.042946554720401764,
  "6": 0.026191620156168938,
  "7": -0.01629524677991867,
  "8": 0.13760577142238617,
  "9": -0.06827472150325775,
  "10": 0.1471785008907318,
  "11": 0.001600608229637146,
  "12": -0.19215674698352814,
  "13": -0.06768032163381577,
  "14": -0.04734160378575325,
  "15": 0.18268302083015442,
  "16": -0.2387189269065857,
  "17": -0.18972036242485046,
  "18": -0.05473555997014046,
  "19": 0.0650806650519371,
  "20": 0.04502563178539276,
  "21": 0.018848257139325142,
  "22": -0.013840274885296822,
  "23": 0.08311356604099274,
  "24": -0.08690647035837173,
  "25": -0.3699987828731537,
  "26": 0.015963636338710785,
  "27": -0.013113885186612606,
  "28": -0.04302562028169632,
  "29": -0.025624388828873634,
  "30": -0.01545599102973938,
  "31": 0.25868576765060425,
  "32": -0.1831812560558319,
  "33": -0.024063481017947197,
  "34": 0.05199103057384491,
  "35": 0.16165657341480255,
  "36": -0.02330181747674942,
  "37": -0.013302512466907501,
  "38": 0.2046308070421219,
  "39": 0.040781326591968536,
  "40": -0.26530149579048157,
  "41": 0.0019457265734672546,
  "42": 0.014664944261312485,
  "43": 0.3101261258125305,
  "44": 0.24307334423065186,
  "45": -0.020815642550587654,
  "46": 0.015588298439979553,
  "47": -0.0164395272731781,
  "48": 0.12867887318134308,
  "49": -0.3991439640522003,
  "50": -0.08778683096170425,
  "51": 0.22329102456569672,
  "52": 0.00452350452542305,
  "53": 0.030580133199691772,
  "54": 0.013158716261386871,
  "55": -0.13333724439144135,
  "56": 0.01850733906030655,
  "57": 0.06589823961257935,
  "58": -0.2189847230911255,
  "59": 0.006287166848778725,
  "60": 0.015339720994234085,
  "61": -0.2274550497531891,
  "62": -0.0011067204177379608,
  "63": -0.17309297621250153,
  "64": 0.13953560590744019,
  "65": 0.06449583172798157,
  "66": -0.09299369156360626,
  "67": -0.16871921718120575,
  "68": 0.16287289559841156,
  "69": -0.19413918256759644,
  "70": -0.08713105320930481,
  "71": 0.06142150238156319,
  "72": -0.1186935156583786,
  "73": -0.18973809480667114,
  "74": -0.3344423174858093,
  "75": -0.0011162078008055687,
  "76": 0.33222419023513794,
  "77": 0.17481672763824463,
  "78": -0.09041069447994232,
  "79": 0.10087689757347107,
  "80": 0.0017876271158456802,
  "81": -0.016124960035085678,
  "82": 0.0043082088232040405,
  "83": 0.1252138912677765,
  "84": -0.03598782792687416,
  "85": 0.0702187567949295,
  "86": -0.10452494025230408,
  "87": 0.05065649002790451,
  "88": 0.17607706785202026,
  "89": 0.008697155863046646,
  "90": 0.0033713802695274353,
  "91": 0.19966953992843628,
  "92": -0.01080285757780075,
  "93": 0.008899913169443607,
  "94": 0.05572909861803055,
  "95": 0.007976144552230835,
  "96": 0.0004542488604784012,
  "97": 0.039314836263656616,
  "98": -0.23303401470184326,
  "99": 0.07258039712905884,
  "100": -0.04494798555970192,
  "101": -0.1196179986000061,
  "102": 0.05559626966714859,
  "103": 0.10594099760055542,
  "104": -0.1213664561510086,
  "105": 0.08318360149860382,
  "106": -0.12046580016613007,
  "107": -0.005136873573064804,
  "108": -0.05891076475381851,
  "109": -0.06421824544668198,
  "110": -0.12163460999727249,
  "111": 0.0008392632007598877,
  "112": 0.12280502915382385,
  "113": -0.20794960856437683,
  "114": 0.18648368120193481,
  "115": 0.20220553874969482,
  "116": 0.04276319593191147,
  "117": 0.12721842527389526,
  "118": 0.06805752962827682,
  "119": 0.05051545053720474,
  "120": -0.06984308362007141,
  "121": -0.03754044324159622,
  "122": -0.15047721564769745,
  "123": -0.057520315051078796,
  "124": 0.09071902185678482,
  "125": -0.025711195543408394,
  "126": 0.04284071922302246,
  "127": 0.006126707419753075
}