{
  "0": -0.08580201864242554,
  "1": 0.05200996994972229,
  "2": 0.13347125053405762,
  "3": -0.11005868762731552,
  "4": -0.11018245667219162,
  "5": -0.044087108224630356,
  "6": -0.0904555469751358,
  "7": -0.16719402372837067,
  "8": 0.19126088917255402,
  "9": -0.08121426403522491,
  "10": 0.09763085842132568,
  "11": -0.07715640962123871,
  "12": -0.21240872144699097,
  "13": -0.031407348811626434,
  "14": -0.0800662636756897,
  "15": 0.12324705719947815,
  "16": -0.18395160138607025,
  "17": -0.1461179405450821,
  "18": -0.030160969123244286,
  "19": -0.0504169836640358,
  "20": 0.049095332622528076,
  "21": 0.08925765007734299,
  "22": -0.015640422701835632,
  "23": 0.07889702171087265,
  "24": -0.16623398661613464,
  "25": -0.31622883677482605,
  "26": -0.0386764295399189,
  "27": -0.051883284002542496,
  "28": -0.09939748793840408,
  "29": -0.111604705452919,
  "30": 0.005764377769082785,
  "31": 0.16927050054073334,
  "32": -0.2207111120223999,
  "33": 0.03284633532166481,
  "34": -0.08044396340847015,
  "35": 0.2283475697040558,
  "36": 0.0007969904690980911,
  "37": -0.11432145535945892,
  "38": 0.07245275378227234,
  "39": 0.06796363741159439,
  "40": -0.22680515050888062,
  "41": -0.00842217355966568,
  "42": 0.006364122033119202,
  "43": 0.2275615632534027,
  "44": 0.22532770037651062,
  "45": -0.07477698475122452,
  "46": 0.01987050473690033,
  "47": -0.06707345694303513,
  "48": 0.15803363919258118,
  "49": -0.31323063373565674,
  "50": -0.09126059710979462,
  "51": 0.1911211907863617,
  "52": -0.014747265726327896,
  "53": 0.04599396139383316,
  "54": 0.08165863901376724,
  "55": -0.1556018888950348,
  "56": 0.03578408062458038,
  "57": 0.056448258459568024,
  "58": -0.1307917684316635,
  "59": 0.03176155686378479,
  "60": 0.030856676399707794,
  "61": -0.16759969294071198,
  "62": 0.048678286373615265,
  "63": -0.07549256086349487,
  "64": 0.2021925449371338,
  "65": 0.10762787610292435,
  "66": -0.08094274997711182,
  "67": -0.08161161094903946,
  "68": 0.1205407977104187,
  "69": -0.1624433398246765,
  "70": -0.11874599754810333,
  "71": 0.061094269156455994,
  "72": -0.11722379922866821,
  "73": -0.1341480314731598,
  "74": -0.38537532091140747,
  "75": -0.005868736654520035,
  "76": 0.3676900565624237,
  "77": 0.060222260653972626,
  "78": -0.16753330826759338,
  "79": 0.09370899200439453,
  "80": -0.09083123505115509,
  "81": 0.01759633794426918,
  "82": 0.03956720978021622,
  "83": 0.17686307430267334,
  "84": 0.00016813352704048157,
  "85": 0.10117436945438385,
  "86": -0.13844949007034302,
  "87": 0.06914763897657394,
  "88": 0.23283828794956207,
  "89": -0.036989495158195496,
  "90": 0.05372830480337143,
  "91": 0.2742779552936554,
  "92": -0.009977046400308609,
  "93": 0.05948086082935333,
  "94": 0.009057484567165375,
  "95": 0.049183085560798645,
  "96": -0.10261722654104233,
  "97": 0.02704666182398796,
  "98": -0.07828915864229202,
  "99": 0.04941822588443756,
  "100": 0.056395113468170166,
  "101": -0.045558374375104904,
  "102": 0.018794067203998566,
  "103": 0.13242840766906738,
  "104": -0.16848772764205933,
  "105": 0.11066878587007523,
  "106": -0.011438172310590744,
  "107": -0.040228404104709625,
  "108": -0.005293810740113258,
  "109": -0.08551232516765594,
  "110": -0.022101011127233505,
  "111": -0.032408200204372406,
  "112": 0.16832822561264038,
  "113": -0.2689061760902405,
  "114": 0.1268596351146698,
  "115": 0.16160711646080017,
  "116": -0.022792164236307144,
  "117": 0.15668322145938873,
  "118": -0.0020007845014333725,
  "119": 0.10432712733745575,
  "120": -0.0814184695482254,
  "121": -0.02301025390625,
  "122": -0.08131721615791321,
  "123": -0.008463241159915924,
  "124": 0.006782909855246544,
  "125": -0.003373243845999241,
  "126": -0.07578220218420029,
  "127": 0.05683380365371704
}