{
  "0": 0.0009621605277061462,
  "1": -0.031670764088630676,
  "2": 0.1604304313659668,
  "3": -0.0020408183336257935,
  "4": -0.13803718984127045,
  "5": -0.04081093519926071,
  "6": -0.06579547375440598,
  "7": -0.06670412421226501,
  "8": 0.13331133127212524,
  "9": -0.05159374698996544,
  "10": 0.1517283171415329,
  "11": 0.00043598562479019165,
  "12": -0.25665685534477234,
  "13": 0.04055376723408699,
  "14": -0.045797672122716904,
  "15": 0.10837028920650482,
  "16": -0.14305147528648376,
  "17": -0.19456201791763306,
  "18": -0.027523692697286606,
  "19": -0.01268969476222992,
  "20": -0.01780424267053604,
  "21": 0.10570557415485382,
  "22": -0.021276185289025307,
  "23": 0.02841537445783615,
  "24": -0.16825275123119354,
  "25": -0.3290630877017975,
  "26": -0.031071770936250687,
  "27": -0.11543287336826324,
  "28": -0.05832488834857941,
  "29": -0.024986181408166885,
  "30": 0.061540983617305756,
  "31": 0.09527506679296494,
  "32": -0.1613907814025879,
  "33": -0.017400911077857018,
  "34": 0.10367842018604279,
  "35": 0.09136687964200974,
  "36": -0.043514423072338104,
  "37": -0.1272173523902893,
  "38": 0.19193077087402344,
  "39": 0.09094235301017761,
  "40": -0.25403815507888794,
  "41": -0.054992325603961945,
  "42": -0.006654366850852966,
  "43": 0.2785407602787018,
  "44": 0.2258470356464386,
  "45": 0.017373669892549515,
  "46": 0.020081762224435806,
  "47": -0.07345711439847946,
  "48": 0.1421736180782318,
  "49": -0.3792777359485626,
  "50": 0.005692573264241219,
  "51": 0.157919779419899,
  "52": 0.09317409992218018,
  "53": 0.0365750715136528,
  "54": 0.05967998877167702,
  "55": -0.21087835729122162,
  "56": 0.05979001522064209,
  "57": 0.07587911188602448,
  "58": -0.23428583145141602,
  "59": 0.09736564755439758,
  "60": 0.05814346298575401,
  "61": -0.14324086904525757,
  "62": 0.12214697152376175,
  "63": -0.060883790254592896,
  "64": 0.24185779690742493,
  "65": -0.007985133677721024,
  "66": -0.1393481194972992,
  "67": -0.06357552111148834,
  "68": 0.16319096088409424,
  "69": -0.2104124277830124,
  "70": -0.05313696712255478,
  "71": 0.09170243889093399,
  "72": -0.09923581033945084,
  "73": -0.2172873467206955,
  "74": -0.3203730881214142,
  "75": -0.03482068330049515,
  "76": 0.4289010167121887,
  "77": 0.1375303417444229,
  "78": -0.2050430327653885,
  "79": 0.011304326355457306,
  "80": -0.09180222451686859,
  "81": 0.044605404138565063,
  "82": 0.054232172667980194,
  "83": 0.14390307664871216,
  "84": 0.06206225976347923,
  "85": -0.0357208326458931,
  "86": -0.11980801075696945,
  "87": -0.08705221861600876,
  "88": 0.2792503237724304,
  "89": -0.052990369498729706,
  "90": -0.017314571887254715,
  "91": 0.28453555703163147,
  "92": -0.04120524972677231,
  "93": 0.023916535079479218,
  "94": 0.057700686156749725,
  "95": 0.012468583881855011,
  "96": -0.09831368178129196,
  "97": 0.004895616322755814,
  "98": -0.09522129595279694,
  "99": 0.03656948357820511,
  "100": -0.1157890260219574,
  "101": -0.016080424189567566,
  "102": 0.07262139022350311,
  "103": 0.12192930281162262,
  "104": -0.14521117508411407,
  "105": 0.10740426927804947,
  "106": -0.057987455278635025,
  "107": -0.03246374428272247,
  "108": 0.006830329075455666,
  "109": -0.059971585869789124,
  "110": -0.11474015563726425,
  "111": -0.11587156355381012,
  "112": 0.21026380360126495,
  "113": -0.29190701246261597,
  "114": 0.14855660498142242,
  "115": 0.1526610255241394,
  "116": 0.0568937286734581,
  "117": 0.17644363641738892,
  "118": 0.018236331641674042,
  "119": 0.04716827720403671,
  "120": -0.05539686977863312,
  "121": -0.050749100744724274,
  "122": -0.1578398495912552,
  "123": -0.036462754011154175,
  "124": -0.03655695170164108,
  "125": -0.0618860200047493,
  "126": -0.009678216651082039,
  "127": 0.03446906432509422
}